n_pixels_requested_per_exposure,minimum_separation_pixels,early_fraction,accepted_measurements,median_late_to_early_rate_change,median_endpoint_fractional_residual,median_rate_change_ibft16req_ima,accepted_ibft16req_ima,median_rate_change_icp910qoq_ima,accepted_icp910qoq_ima
20,3,0.4,35,-0.017209627379523362,-0.007906092761552996,-0.025631920634771987,20,-0.013866867427047902,15
20,3,0.5,35,-0.011503715904672362,-0.008185528615793603,-0.017974756686948368,20,0.01802602603198533,15
20,3,0.6,36,-0.010740175274715269,-0.01024512786978627,-0.02085347718252506,20,0.021691162847530143,16
20,5,0.4,34,-0.017362001536836758,-0.009491412802415044,-0.025631920634771987,20,-0.015690621560599027,14
20,5,0.5,34,-0.01215334400646878,-0.009255329346752803,-0.017974756686948368,20,0.004896688652559156,14
20,5,0.6,35,-0.01344800586669126,-0.011996200167766239,-0.02085347718252506,20,0.025682566871281898,15
20,7,0.4,33,-0.017514375694150153,-0.010674804676054393,-0.025631920634771987,20,-0.017514375694150153,13
20,7,0.5,33,-0.013099842003694406,-0.010481557600527517,-0.017974756686948368,20,-0.012802972108265198,13
20,7,0.6,34,-0.013640232143280973,-0.01435985737869689,-0.02085347718252506,20,0.01112689873644268,14
40,3,0.4,71,-0.02762346954134498,-0.011093221765794133,-0.03183126769789124,40,-0.02533421244121814,31
40,3,0.5,70,-0.01418111861142557,-0.012369120606546281,-0.022165770676107976,40,0.02300604347225854,30
40,3,0.6,72,-0.013694742629529078,-0.014679019406671554,-0.025550373776272783,40,0.024373792852070975,32
40,5,0.4,71,-0.026877321605264903,-0.011748432409552959,-0.03183126769789124,40,-0.017514375694150153,31
40,5,0.5,70,-0.01599047577157331,-0.009934150242252254,-0.022165770676107976,40,0.006875708085919197,30
40,5,0.6,72,-0.013694742629529078,-0.014199653699734768,-0.022354475074250035,40,0.005972442454172278,32
40,7,0.4,71,-0.026877321605264903,-0.011748432409552959,-0.03183126769789124,40,-0.017514375694150153,31
40,7,0.5,72,-0.020018548055706076,-0.01661500616318156,-0.022165770676107976,40,-0.010517810417566109,32
40,7,0.6,73,-0.01509945098332588,-0.014514916554594026,-0.022354475074250035,40,0.011338932043079897,33
