product_id,x,y,quadrant,weighted_rate,robust_rate,curvature,curvature_rate,max_fluence,residual_at_max_fluence,cr_flagged_read_fraction,n_excluded_reads,n_used_reads,endpoint_fractional_residual,late_to_early_rate_change
ibft16req_ima,400,79,BL,203.13763235640653,203.2998487514297,-2.6206266996134786e-08,210.5334540623108,84117.48309472596,3021.475945367958,0.0,1,9,0.03725801123356389,0.0431430076842374
ibft16req_ima,311,145,BL,204.5831492534373,206.34933285906675,6.091434393513002e-08,208.5295106734024,82867.2476640683,1127.6957675446174,0.0,1,9,0.013796206871456771,0.013475457774573707
ibft16req_ima,316,213,BL,212.93923321638857,214.35856452015236,2.9317354994209697e-07,212.87649092219834,82812.6957241681,-2156.448405807474,0.0,1,9,-0.025379194152041814,-0.02284967137020233
ibft16req_ima,60,63,BL,222.08252648669384,217.80205421224218,1.2295157680276205e-07,209.20119624717142,82753.52011901002,-5855.833553129138,0.0,1,9,-0.06608595267262793,-0.06898652131844019
ibft16req_ima,111,29,BL,213.5566387598237,213.0826931715104,3.0529650841044887e-07,211.3616616638367,82265.22086199372,-3005.3345687853,0.0,1,9,-0.035244693242616115,-0.03762064621091632
ibft16req_ima,958,493,BR,215.7244084346359,215.33357573818182,3.0624665118398255e-07,210.02694027617787,81682.89489449616,-4382.950184272355,0.0,1,9,-0.05092554636814436,-0.05235133068866282
ibft16req_ima,922,455,BR,205.98859387276275,206.0020463002349,4.778080162504769e-07,212.8642522388438,81436.99996941834,-771.6716634510376,0.0,1,9,-0.00938674288397699,-0.00851975671527061
ibft16req_ima,750,398,BR,212.98149414984604,213.1431318138712,3.5849800513922363e-07,209.73209019972057,81272.67405330353,-3781.7659027853806,0.0,1,9,-0.04446288641413422,-0.04485520157041667
ibft16req_ima,534,28,BR,209.3938508041025,209.39225009901676,2.444828022140132e-07,204.44514213284955,79989.69527513458,-3568.5257475607505,0.0,1,9,-0.04270705747303428,-0.044122713505508004
ibft16req_ima,598,968,TR,191.7900017198192,192.44590248381417,-3.8588532469459185e-07,192.03824238264065,78985.06236384675,2378.681882394085,0.0,1,9,0.031050701879460192,0.03150293205655763
ibft16req_ima,311,431,BL,198.00056574746856,197.43199406546927,1.0958595537777165e-07,199.24767507837964,78868.76408527223,-227.98872527827916,0.0,1,9,-0.002882403097183382,-0.0005224149341478412
ibft16req_ima,814,189,BR,204.62483896989852,204.35254970345295,3.4852663339424156e-07,201.96568210618108,78456.11871341737,-3241.274324606464,0.0,1,9,-0.03967414631086087,-0.04324638284029392
ibft16req_ima,149,864,TL,197.65990189811455,199.52973601035328,1.2790003975727502e-08,196.08749344829764,78263.2771489862,-645.9134375955764,0.0,1,9,-0.008185528615793603,-0.010814833782731625
ibft16req_ima,881,247,BR,194.68617442171143,194.29764144322672,1.2835161189738548e-07,197.45344459026143,77980.20405649231,304.7328115309938,0.0,1,9,0.003923153688633223,0.0039032809327770313
ibft16req_ima,233,709,TL,197.56269009162835,196.34589467019597,4.666026189123883e-07,202.9476532790396,77957.78628554505,-953.4945550007978,0.0,1,9,-0.012083121004302309,-0.011503715904672362
ibft16req_ima,630,999,TR,197.04612281090095,197.13946703906424,3.3440836197518466e-07,200.30832786475372,77866.72018285736,-824.8098042333295,0.0,1,9,-0.010481557600527517,-0.013099842003694406
ibft16req_ima,898,498,BR,185.83568846766474,186.42730386798436,1.2631414186877576e-07,194.01186984826808,76565.15536687318,2330.024622232493,0.0,1,9,0.031387088550399116,0.040922202091647764
ibft16req_ima,630,931,TR,204.84350877971016,204.3000158668564,1.8314592856747454e-07,194.2457315271802,76438.02589353119,-5232.244484722498,0.0,1,9,-0.06406547279064335,-0.0653129907890454
ibft16req_ima,245,776,TL,203.64190819053817,203.97918360630877,2.0386485506274173e-07,193.18292686903308,75960.79541092011,-5265.066151588631,0.0,1,9,-0.06482007146870102,-0.06738673835969833
ibft16req_ima,262,36,BL,198.14434442924352,194.61885823065813,3.3807535601089677e-07,193.5620389118521,75376.36168561067,-3778.5850782902417,0.0,1,9,-0.04773656268837879,-0.050897391167079586
ibft16req_ima,801,340,BR,189.57606731369935,189.1016997738673,4.960085347968807e-07,195.94558533682417,75192.07907992433,-539.6707169089932,0.0,1,9,-0.007126082763923662,-0.00748925411536705
ibft16req_ima,122,555,TL,194.48281553974607,194.4362929880889,2.1791697771012945e-07,190.950440138141,75004.37289074005,-2591.693685951541,0.0,1,9,-0.03339980749397982,-0.03836473153494813
ibft16req_ima,641,671,TR,193.20591602258335,191.58295951967548,3.8071567029212716e-07,192.7019320040856,74651.69505616913,-2426.463203525316,0.0,1,9,-0.03148055504063798,-0.03441773048784302
ibft16req_ima,654,255,BR,189.85157882829682,195.16200447029917,3.02736163541513e-07,190.4149659698997,74268.38163189881,-1500.300299117429,0.0,1,9,-0.019801061083303265,-0.021481869982013624
ibft16req_ima,971,318,BR,195.98056760046526,196.68194335369145,8.723780061755244e-08,186.61375460009882,74021.45719505737,-4135.673617566819,0.0,1,9,-0.05291485977756507,-0.055059181229480725
ibft16req_ima,599,1014,TR,194.30401211367507,193.26197564604746,4.136774318662001e-07,189.47404171137208,73327.371329245,-4184.7621641228325,0.0,1,9,-0.053988478648712375,-0.05922781174565117
ibft16req_ima,678,359,BR,192.67925754397126,193.97146450353517,2.6911390983234783e-07,187.0341887118057,73171.22058938324,-3691.174385831706,0.0,1,9,-0.04802315081415252,-0.05052908963303915
ibft16req_ima,812,458,BR,191.02135027611018,192.04618078604875,2.499663270377453e-07,185.94655584565302,72886.12502407562,-3331.3043375590787,0.0,1,9,-0.043707907304939175,-0.046570002132282906
ibft16req_ima,7,478,BL,183.41194317159741,183.84066062929298,1.762831636742212e-07,184.99736380410909,72849.93981770966,-356.07140162357246,0.0,1,9,-0.004863963979088322,-0.0032484351094026476
ibft16req_ima,410,841,TL,179.50616968800853,179.09989884723336,-3.5908711132666484e-07,178.17088534341914,72849.92154235291,1222.8161084988387,0.0,1,9,0.01707197437467413,0.022979402096606316
ibft16req_ima,818,126,BR,186.9040961099769,183.34613795264877,3.114501707912761e-07,186.84894291226092,72839.24873401063,-1765.7677593057015,0.0,1,9,-0.023668217531509987,-0.022976854233683675
ibft16req_ima,64,662,TL,189.1987801869923,183.2680281807578,-3.619214983915781e-07,176.5435613507699,72373.89114150178,-3139.0051666414365,0.0,1,9,-0.041569126865856024,-0.04418795214783644
ibft16req_ima,790,762,TR,173.29759819771854,172.44398448874477,-1.4952601090760342e-07,179.47062714836372,72360.67805857117,3129.553865892347,0.0,1,9,0.045204435178351425,0.05054582524976814
ibft16req_ima,515,580,TR,179.58186660967363,179.42834372384866,7.622390977722145e-08,181.5506742194522,72133.83823879853,415.1575473481789,0.0,1,9,0.00578869470750973,0.002956920566371979
ibft16req_ima,263,520,TL,183.86133789005885,184.57984161266273,2.4698411442846447e-07,183.69969806902745,72037.05194944794,-1381.259537669539,0.0,1,9,-0.018813556314379486,-0.01925960109636038
ibft16req_ima,763,1002,TR,191.72731229079045,191.3936101499522,3.951110568332555e-07,185.64777523343892,71885.26901984955,-4535.081581307764,0.0,1,9,-0.05934389917911584,-0.06155479826806831
ibft16req_ima,417,978,TL,182.0759964855846,181.9591706498293,2.2211333779243474e-07,182.13772118132928,71543.28226897767,-1169.417146301028,0.0,1,9,-0.016082708463651195,-0.015262395219156732
ibft16req_ima,12,18,BL,178.80251279299486,180.70372518589522,2.0583036972106755e-07,181.72901575822323,71457.7475075998,48.30083721867413,0.0,1,9,0.0006763928229499659,0.002266105564747267
ibft16req_ima,311,17,BL,182.275171625669,181.68651579468042,1.4423667521476212e-07,180.21295586862502,71215.3127167334,-1556.1355852726847,0.0,1,9,-0.021383875428926797,-0.020777495015051772
ibft16req_ima,506,624,TL,184.27460688848342,184.09885816064758,2.2427513061753515e-07,181.06354399258925,71140.01824692139,-2419.4152172259783,0.0,1,9,-0.03289061787575068,-0.03474900871379427
icp910qoq_ima,550,16,BR,65.33908834173529,65.25879952376523,1.4783156342570026e-07,65.70123317148891,45785.48770612595,-150.9052705456561,0.0,1,15,-0.0032850918578281063,-0.00823264872686702
icp910qoq_ima,474,171,BL,59.56643240696641,59.910579242609714,8.20799419022196e-07,61.384248893979674,41357.192291130414,-530.0885745748601,0.0,1,15,-0.012655120208790253,-0.035013627893278776
icp910qoq_ima,506,1017,TL,39.37128551962232,43.78933775746852,-2.471377088396861e-05,30.976293942743713,33554.70302555943,2991.3797450056773,0.0,1,15,0.09787481935608014,0.7443306232328588
icp910qoq_ima,440,1018,TL,23.79849467053793,26.787916921526833,-0.0001423450748328362,11.46297325344159,29003.171402919008,6827.094998561821,0.0,1,15,0.3078585622666967,0.437647419030303
icp910qoq_ima,430,1018,TL,58.52336476177729,58.923393662686976,1.0307469269473416e-05,49.027982475724976,25682.87026528248,-13651.496875148645,0.0,1,15,-0.34706283252022896,-0.5920660024674387
icp910qoq_ima,482,1014,TL,11.889837558909747,18.998710156181524,-0.000585216540022183,6.253422658219425,20928.724781080477,9640.6501984569,0.0,1,15,0.8540562101970289,2.0017081655412348
icp910qoq_ima,477,426,BL,29.62719573928765,29.669279294895986,4.2776450387731537e-07,29.61994270806813,20650.27284073799,-164.38437568864538,0.0,1,15,-0.00789752980216823,-0.012802972108265198
icp910qoq_ima,470,1012,TL,32.632164646655944,33.142535708589655,6.955497203673902e-06,36.91940655929387,20583.012868668786,-1000.3241857953981,0.0,1,15,-0.046347058532753456,-0.09337361623319262
icp910qoq_ima,171,270,BL,29.026294457272762,29.153002512046633,1.4392698152078587e-06,29.566222573571142,20229.138481474227,-186.26845409742236,0.0,1,15,-0.009123915809528618,-0.03733309751094527
icp910qoq_ima,497,1018,TL,20.950394252201985,28.337721774651705,-9.016004403901736e-05,11.79426896400744,19580.383966763326,1132.8215507576933,0.0,1,15,0.0614076551260141,0.4698053420307775
icp910qoq_ima,508,478,BL,26.548554859163755,26.601667297864058,-1.0367366036202628e-06,26.621705688241107,18998.52876286726,341.75949657336605,0.0,1,15,0.01831825712669359,0.032217432193509365
icp910qoq_ima,445,1014,TL,17.997976788269195,17.976899362342788,-4.4379764207635266e-05,15.593974203401956,18119.018082768824,3645.176001666043,0.0,1,15,0.251845776763395,0.5888559760722356
icp910qoq_ima,5,1006,TL,25.587083772477847,34.889166733636166,-3.6813906192972137e-06,18.72500947529589,17288.171197795047,1600.3127733343063,0.0,1,15,0.10200963892172019,0.01802602603198533
icp910qoq_ima,298,600,TL,24.1531273535468,24.084975938548205,1.6571153390846085e-06,24.17948958297763,16554.252360119666,-410.5632018467659,0.0,1,15,-0.0242008644507289,-0.034717567741685884
icp910qoq_ima,516,1018,TR,49.21197389756582,46.67406310856241,7.497747963325706e-06,27.64801099144559,16188.383639908105,-16053.379325945141,0.0,1,15,-0.4979063751243078,-0.36210720848643974
icp910qoq_ima,15,1008,TL,12.073025917372131,9.763146749289167,-0.0003043905964231097,7.365353979061034,15654.521857057953,3559.5786446853963,0.0,1,15,0.29430304733007057,0.900305091565462
icp910qoq_ima,970,23,BR,21.718364339356793,21.537538893713702,-1.6056222077691778e-06,21.55328283016607,15509.746530262813,230.1938557983267,0.0,1,15,0.01506548396426759,0.022321684102881933
icp910qoq_ima,24,1016,TL,18.503195304631326,21.512861172793556,1.7958559273427384e-05,26.479660249126077,15006.455146151848,-1095.9819781327187,0.0,1,15,-0.06806311179317294,-0.701291538404506
icp910qoq_ima,465,1018,TL,14.03154632975175,6.67752514548745,-2.9461304236425703e-05,13.468543179945641,14151.936011709233,1360.0961578307924,0.0,1,15,0.10632529592046261,0.8845211295082158
icp910qoq_ima,285,614,TL,20.21563920695341,20.115682731185224,1.0003226033201225e-06,20.127257390920153,13962.53120099535,-243.59679343304197,0.0,1,15,-0.017147303862711925,-0.016718556323989886
icp910qoq_ima,457,1014,TL,15.379850170785772,13.021926172785255,-1.4335874290371236e-05,17.60464176403235,13945.358898594075,1676.7266375286363,0.0,1,15,0.13666777207511027,0.3289926201230584
icp910qoq_ima,447,1007,TL,18.19093199491286,18.342087402391293,-1.675983089666486e-06,18.359943351098444,13583.497674625283,635.0723456351789,0.0,1,15,0.0490462994147498,0.03009799177838257
icp910qoq_ima,142,762,TL,18.81165131685302,18.948017137985513,-5.284331482558391e-07,18.9839593709827,13434.107492672025,196.00138698031878,0.0,1,15,0.014805848012960724,0.017569336684364556
icp910qoq_ima,425,1018,TL,16.775506786255946,17.190792381055317,1.1464843035775758e-05,18.209348117588153,13322.018265208608,-523.4303423564943,0.0,1,15,-0.0378052280711579,-0.20892931329671205
icp910qoq_ima,19,1015,TL,18.494416804007155,21.54234949519542,1.0453915299579405e-05,19.07473171346099,13257.851399138755,1171.0766239170953,0.0,1,15,0.09688909123365533,-0.2376235844710911
icp910qoq_ima,488,1017,TL,14.261266507083137,14.326937130336416,1.3623538288832133e-05,35.039784882508584,12723.726829649735,2222.4116089641466,0.0,1,15,0.21163173966880067,-0.6540468975570211
icp910qoq_ima,7,1015,TL,4.012311436080475,6.936130938357288,-8.328514402012853e-05,7.970337858055411,12690.718950760212,7316.568777074841,0.0,1,15,1.3614373511370335,0.9419670581814021
icp910qoq_ima,1009,1018,TR,12.00931801460881,12.49349702558346,-9.761293021402281e-05,8.605471177076254,11843.402315419693,2891.1629988603254,0.0,1,15,0.3229541678485302,0.7045148553410754
icp910qoq_ima,469,171,BL,16.784837535866483,16.78375335920725,5.864586703164671e-07,16.89869958770281,11801.926271167393,-11.83813920225839,0.0,1,15,-0.001002063253594878,-0.003817920512526163
icp910qoq_ima,599,794,TR,15.645311908287118,15.632738114679611,2.2835077041278404e-06,15.81152385341009,10822.036458013154,-142.23404085985385,0.0,1,15,-0.012972503813589218,-0.02823462946753086
